<application>
  <component name="FindSettings">
    <option name="customScope" value="All Places" />
    <option name="defaultScopeName" value="All Places" />
    <option name="localCaseSensitive" value="true" />
    <option name="LOCAL_CASE_SENSITIVE_SEARCH" value="true" />
    <option name="SEARCH_SCOPE" value="All Places" />
    <option name="FILE_MASK" value="*.yml" />
    <mask>*.properties</mask>
    <mask>*.jsp</mask>
    <mask>*.xml</mask>
    <mask>*.java</mask>
    <mask>*.as</mask>
    <mask>*.css</mask>
    <mask>*.mxml</mask>
    <mask>requirejs*</mask>
    <mask>*php</mask>
    <mask>*.html</mask>
    <mask>*yml</mask>
    <mask>form_extension.yml</mask>
    <mask>form_extensions.yml</mask>
    <mask>edit.yml</mask>
    <mask>routing.yml</mask>
    <mask>*.js</mask>
    <mask>*Type.php</mask>
    <mask>*Injection.php</mask>
    <mask>*Configuration.php</mask>
    <mask>composer.json</mask>
    <mask>*.php</mask>
    <mask>*.yml</mask>
  </component>
</application>