<application>
  <component name="MaterialThemeConfig">
    <option name="compactSidebar" value="true" />
    <option name="isCompactStatusBar" value="true" />
    <option name="isContrastMode" value="true" />
    <option name="isCustomTreeIndentEnabled" value="true" />
    <option name="isWizardShown" value="true" />
    <option name="overrideAccentColor" value="true" />
    <option name="pristineConfig" value="false" />
    <option name="treeFontSizeEnabled" value="true" />
    <option name="leftTreeIndent" value="4" />
    <option name="tabsHeight" value="25" />
    <option name="accentColor" value="80cbc4" />
    <option name="selectedTheme" value="LIGHTER" />
    <option name="userId" value="-1e457065:16ad70bf839:-8000" />
    <option name="version" value="3.5.0.1" />
  </component>
</application>